Id,class_0,class_1
00eed32682bb,0.1996909563034713,0.8003090436965288
010ebe33f668,0.8415274956580461,0.15847250434195398
02fa521e1838,0.9291375614043078,0.0708624385956922
040e15f562a2,0.8149597246194114,0.18504027538058865
046e85c7cc7f,0.9923822152991596,0.007617784700840463
